source,dest
AutoModerator,that_90s_guy
scumbagdetector15,that_90s_guy
csch2,scumbagdetector15
scumbagdetector15,csch2
PlayerofVideoGames,scumbagdetector15
scumbagdetector15,scumbagdetector15
id278437,that_90s_guy
OracleGreyBeard,id278437
MeetEuphoric3944,OracleGreyBeard
OracleGreyBeard,MeetEuphoric3944
OracleGreyBeard,OracleGreyBeard
MeetEuphoric3944,id278437
OracleGreyBeard,MeetEuphoric3944
OracleGreyBeard,id278437
RiotNrrd2001,that_90s_guy
csch2,that_90s_guy
scumbagdetector15,csch2
PlayerofVideoGames,that_90s_guy
OracleGreyBeard,that_90s_guy
MeetEuphoric3944,OracleGreyBeard
OracleGreyBeard,MeetEuphoric3944
OracleGreyBeard,OracleGreyBeard
scumbagdetector15,that_90s_guy
MeetEuphoric3944,that_90s_guy
OracleGreyBeard,MeetEuphoric3944
OracleGreyBeard,that_90s_guy
AutoModerator,qwertyflagstop
catdancer23,qwertyflagstop
qwertyflagstop,catdancer23
fishab,qwertyflagstop
incabrain,qwertyflagstop
dude1995aa,incabrain
abe17124,qwertyflagstop
madkimchi,qwertyflagstop
PotatoWriter,madkimchi
InsaneDiffusion,qwertyflagstop
qwertyflagstop,qwertyflagstop
dude1995aa,qwertyflagstop
PotatoWriter,qwertyflagstop
AutoModerator,VICODE78
id278437,VICODE78
VICODE78,id278437
StableModelV,VICODE78
VICODE78,StableModelV
Specific_Cricket9579,VICODE78
VTOolie,VICODE78
tedd321,VICODE78
VICODE78,tedd321
seniorfrito,VICODE78
VICODE78,VICODE78
VICODE78,VICODE78
VICODE78,VICODE78
AutoModerator,jamburny
jamburny,jamburny
we_will_prosper,jamburny
jamburny,we_will_prosper
fastinguy11,jamburny
InvictusNFT,we_will_prosper
fastinguy11,we_will_prosper
jamburny,jamburny
fastinguy11,jamburny
InvictusNFT,jamburny
fastinguy11,jamburny
GoldenRedditUser,jamburny
mossgathering,jamburny
jamburny,mossgathering
supapoopascoopa,jamburny
we_will_prosper,jamburny
jamburny,we_will_prosper
fastinguy11,jamburny
InvictusNFT,we_will_prosper
fastinguy11,we_will_prosper
jamburny,jamburny
jamburny,jamburny
fastinguy11,jamburny
InvictusNFT,jamburny
fastinguy11,jamburny
AutoModerator,ShotgunProxy
ShotgunProxy,ShotgunProxy
eeget9Eo,ShotgunProxy
perplex1,ShotgunProxy
Logical_Buyer9310,ShotgunProxy
AutoModerator,Art_from_the_Machine
jimmcq,Art_from_the_Machine
DisasterAwareness,jimmcq
Art_from_the_Machine,Art_from_the_Machine
Terese08150815,Art_from_the_Machine
darthdiablo,Art_from_the_Machine
RoriksteadResident,Art_from_the_Machine
Viendictive,Art_from_the_Machine
NoBeing7833,Art_from_the_Machine
Lord-Vivec,Art_from_the_Machine
DisasterAwareness,Art_from_the_Machine
Terese08150815,Art_from_the_Machine
darthdiablo,Art_from_the_Machine
AutoModerator,LocksmithNo9994
Viendictive,LocksmithNo9994
07mk,Viendictive
OnemcchrisQuestion,07mk
OnemcchrisQuestion,Viendictive
AvgAIbot,LocksmithNo9994
free_from_machines,LocksmithNo9994
kolob_hier,LocksmithNo9994
dfreinc,LocksmithNo9994
Tas667,LocksmithNo9994
SkuffetSkuffe,LocksmithNo9994
07mk,LocksmithNo9994
OnemcchrisQuestion,07mk
OnemcchrisQuestion,LocksmithNo9994
AutoModerator,MZuc
Complex-Reserve-699,MZuc
MZuc,Complex-Reserve-699
MZuc,MZuc
Complex-Reserve-699,MZuc
resonantedomain,MZuc
Complex-Reserve-699,MZuc
MZuc,Complex-Reserve-699
Complex-Reserve-699,MZuc
resonantedomain,Complex-Reserve-699
Complex-Reserve-699,Complex-Reserve-699
MZuc,MZuc
resonantedomain,MZuc
MZuc,MZuc
MZuc,MZuc
Complex-Reserve-699,MZuc
resonantedomain,MZuc
Complex-Reserve-699,MZuc
resonantedomain,MZuc
MZuc,MZuc
Complex-Reserve-699,MZuc
resonantedomain,MZuc
Complex-Reserve-699,MZuc
AutoModerator,Ok-Judgment-1181
ShowerGrapes,Ok-Judgment-1181
pancake_noodle,ShowerGrapes
UltimateWager,Ok-Judgment-1181
Matt5327,UltimateWager
slackmaster2k,UltimateWager
tuseroni,Ok-Judgment-1181
slackmaster2k,tuseroni
exion_zero,Ok-Judgment-1181
AquaRegia,Ok-Judgment-1181
pancake_noodle,Ok-Judgment-1181
Matt5327,Ok-Judgment-1181
slackmaster2k,Ok-Judgment-1181
slackmaster2k,Ok-Judgment-1181
AutoModerator,DeleteMetaInf
AtomicHyperion,DeleteMetaInf
TommyVe,AtomicHyperion
DeleteMetaInf,AtomicHyperion
andyfoster11,DeleteMetaInf
nekmint,DeleteMetaInf
SitronZ,DeleteMetaInf
DeleteMetaInf,SitronZ
free_from_machines,DeleteMetaInf
Yuli-Ban,DeleteMetaInf
TommyVe,DeleteMetaInf
DeleteMetaInf,DeleteMetaInf
DeleteMetaInf,DeleteMetaInf
AutoModerator,Netsuko
AutoModerator,Netsuko
Netsuko,Netsuko
btc_clueless,Netsuko
Riegel_Haribo,Netsuko
myguygetshigh,Riegel_Haribo
twbluenaxela,Riegel_Haribo
Riegel_Haribo,Netsuko
Miserable-Good4438,Netsuko
ComputerArtClub,Netsuko
btc_clueless,Netsuko
myguygetshigh,Netsuko
twbluenaxela,Netsuko
AutoModerator,IdentityOperator
Eye-Noah-Nothing,IdentityOperator
trimorphic,Eye-Noah-Nothing
Eye-Noah-Nothing,trimorphic
FrogFister,Eye-Noah-Nothing
Eye-Noah-Nothing,FrogFister
FrogFister,Eye-Noah-Nothing
artix111,FrogFister
artix111,Eye-Noah-Nothing
FrogFister,FrogFister
artix111,FrogFister
artix111,FrogFister
Eye-Noah-Nothing,Eye-Noah-Nothing
Eye-Noah-Nothing,Eye-Noah-Nothing
FrogFister,Eye-Noah-Nothing
artix111,FrogFister
artix111,Eye-Noah-Nothing
FrogFister,Eye-Noah-Nothing
artix111,FrogFister
artix111,Eye-Noah-Nothing
IdeasFromAi,IdentityOperator
RelentlessIVS,IdentityOperator
trimorphic,IdentityOperator
Eye-Noah-Nothing,trimorphic
FrogFister,IdentityOperator
Eye-Noah-Nothing,FrogFister
FrogFister,Eye-Noah-Nothing
artix111,FrogFister
artix111,Eye-Noah-Nothing
FrogFister,FrogFister
artix111,FrogFister
artix111,FrogFister
Eye-Noah-Nothing,IdentityOperator
Eye-Noah-Nothing,IdentityOperator
FrogFister,Eye-Noah-Nothing
artix111,FrogFister
artix111,Eye-Noah-Nothing
FrogFister,IdentityOperator
artix111,FrogFister
artix111,IdentityOperator
AutoModerator,GoodTycoon
gamergabzilla,GoodTycoon
Dominicanchulo75,GoodTycoon
temisola1,GoodTycoon
AutoModerator,One_Finish7966
UnVillageois,One_Finish7966
teos61,One_Finish7966
AbleObject13,One_Finish7966
Practical-Stuff-7078,One_Finish7966
petripeeduhpedro,One_Finish7966
JonPartleeSayne,One_Finish7966
wibbly-water,One_Finish7966
AutoModerator,Tomatori
zooterlooter,Tomatori
Jolly_Award_2113,zooterlooter
Paradox_Dolphin,Jolly_Award_2113
CerealAhoy,Jolly_Award_2113
Paradox_Dolphin,zooterlooter
CerealAhoy,zooterlooter
severedbrain,Tomatori
HypocritesA,severedbrain
ioa94,Tomatori
EternalNY1,Tomatori
Alternative-Key-5647,EternalNY1
Jolly_Award_2113,Tomatori
Paradox_Dolphin,Jolly_Award_2113
CerealAhoy,Jolly_Award_2113
HypocritesA,Tomatori
Alternative-Key-5647,Tomatori
Paradox_Dolphin,Tomatori
CerealAhoy,Tomatori
AutoModerator,funkwumasta
RodriguezFaszanatas,funkwumasta
_parfait,RodriguezFaszanatas
questionEv3rything,RodriguezFaszanatas
42second,funkwumasta
Damn_DirtyApe,funkwumasta
jlenney1,funkwumasta
jacksodus,funkwumasta
_parfait,funkwumasta
mechanical-seal,funkwumasta
_parfait,funkwumasta
questionEv3rything,funkwumasta
AutoModerator,Famous_Pitch_1848
littleviking001,Famous_Pitch_1848
Potential_Ebb9325,Famous_Pitch_1848
420LongDong69,Potential_Ebb9325
thatswhatdeezsaid,Famous_Pitch_1848
AbleObject13,Famous_Pitch_1848
_So_Damn_Ugly,AbleObject13
mottyay,Famous_Pitch_1848
-Random_User-,mottyay
almondolphin,Famous_Pitch_1848
420LongDong69,Famous_Pitch_1848
_So_Damn_Ugly,Famous_Pitch_1848
-Random_User-,Famous_Pitch_1848
AutoModerator,Le-Vagabond27
AutoModerator,arnemcnuggets
n3mb3red,arnemcnuggets
redog,n3mb3red
redog,arnemcnuggets
AutoModerator,rustkat
isthiswhereiputmy,rustkat
DanielsNegreau,isthiswhereiputmy
Careless_Leek_5803,DanielsNegreau
ag2998,isthiswhereiputmy
Careless_Leek_5803,isthiswhereiputmy
Playful-Opportunity5,rustkat
urpoviswrong,Playful-Opportunity5
InstructionDue758,urpoviswrong
kinderhooksurprise,InstructionDue758
kinderhooksurprise,urpoviswrong
InstructionDue758,Playful-Opportunity5
kinderhooksurprise,InstructionDue758
kinderhooksurprise,Playful-Opportunity5
AZTeck_AKiRA,rustkat
DanielsNegreau,rustkat
Careless_Leek_5803,DanielsNegreau
ag2998,rustkat
urpoviswrong,rustkat
InstructionDue758,urpoviswrong
kinderhooksurprise,InstructionDue758
kinderhooksurprise,urpoviswrong
Careless_Leek_5803,rustkat
InstructionDue758,rustkat
kinderhooksurprise,InstructionDue758
kinderhooksurprise,rustkat
AutoModerator,Neither_Tomorrow_238
So6oring,Neither_Tomorrow_238
lesheeper,So6oring
microsoftfool,Neither_Tomorrow_238
TitleToAI,microsoftfool
Dycoth,Neither_Tomorrow_238
nuck_futs,Neither_Tomorrow_238
fettuccinaa,Neither_Tomorrow_238
jamiethecoles,Neither_Tomorrow_238
ChrissiMinxx,Neither_Tomorrow_238
lesheeper,Neither_Tomorrow_238
TitleToAI,Neither_Tomorrow_238
AutoModerator,sprfrkr
Former_Solution_759,sprfrkr
AbleObject13,Former_Solution_759
Flopper_Doppler,Former_Solution_759
FSMFan_2pt0,sprfrkr
thedatagolem,sprfrkr
red-et,thedatagolem
JohanB3,red-et
JohanB3,thedatagolem
wurstgigant,sprfrkr
redditor1965,sprfrkr
AbleObject13,sprfrkr
Flopper_Doppler,sprfrkr
red-et,sprfrkr
JohanB3,red-et
JohanB3,sprfrkr
AutoModerator,PietOnTheRoad
PolytoxOver9000,PietOnTheRoad
PietOnTheRoad,PolytoxOver9000
PolytoxOver9000,PietOnTheRoad
Matadin75,PietOnTheRoad
r3b3l-tech,Matadin75
r3b3l-tech,PietOnTheRoad
PolytoxOver9000,PolytoxOver9000
Matadin75,PolytoxOver9000
r3b3l-tech,Matadin75
r3b3l-tech,PolytoxOver9000
Gubru,PietOnTheRoad
PietOnTheRoad,Gubru
Parking-Site-1222,PietOnTheRoad
PietOnTheRoad,Parking-Site-1222
PietOnTheRoad,PietOnTheRoad
Parking-Site-1222,Gubru
PietOnTheRoad,Parking-Site-1222
PietOnTheRoad,Gubru
PietOnTheRoad,PietOnTheRoad
PolytoxOver9000,PietOnTheRoad
Matadin75,PietOnTheRoad
r3b3l-tech,Matadin75
r3b3l-tech,PietOnTheRoad
PietOnTheRoad,PietOnTheRoad
Parking-Site-1222,PietOnTheRoad
PietOnTheRoad,Parking-Site-1222
PietOnTheRoad,PietOnTheRoad
PolytoxOver9000,PietOnTheRoad
Matadin75,PietOnTheRoad
r3b3l-tech,Matadin75
Parking-Site-1222,PietOnTheRoad
PietOnTheRoad,Parking-Site-1222
r3b3l-tech,PietOnTheRoad
PietOnTheRoad,PietOnTheRoad
AutoModerator,Incert_Coin_50
IdeasFromAi,Incert_Coin_50
Incert_Coin_50,IdeasFromAi
Lemnisc8__,Incert_Coin_50
Incert_Coin_50,Lemnisc8__
president_josh,Incert_Coin_50
UnVillageois,president_josh
Administrative_Bed79,Incert_Coin_50
Grandmastersexsay69,Incert_Coin_50
Incert_Coin_50,Grandmastersexsay69
Incert_Coin_50,Incert_Coin_50
Incert_Coin_50,Incert_Coin_50
UnVillageois,Incert_Coin_50
Incert_Coin_50,Incert_Coin_50
AutoModerator,ShotgunProxy
ShotgunProxy,ShotgunProxy
squeevey,ShotgunProxy
ShotgunProxy,squeevey
ShotgunProxy,ShotgunProxy
Old_Release_6311,ShotgunProxy
kyleireddit,Old_Release_6311
commandermd,ShotgunProxy
expectopoosio,commandermd
SomeKindOfSorbet,ShotgunProxy
ShotgunProxy,SomeKindOfSorbet
squeevey,ShotgunProxy
ShotgunProxy,squeevey
kyleireddit,ShotgunProxy
expectopoosio,ShotgunProxy
ShotgunProxy,ShotgunProxy
ShotgunProxy,ShotgunProxy
AutoModerator,DvBlackFire
Live_Coffee_439,DvBlackFire
DvBlackFire,Live_Coffee_439
DvBlackFire,DvBlackFire
AutoModerator,nature__lover1
Dauvis,nature__lover1
Loknar42,nature__lover1
AutoModerator,wasd
Yelo_Galaxy,wasd
wasd,Yelo_Galaxy
Cool-Armadillo-3159,wasd
Cool-Armadillo-3159,Yelo_Galaxy
GPTMentor,wasd
tuseroni,GPTMentor
handsome_uruk,wasd
ExpiredAvocadoToast,wasd
FF_BJJ,ExpiredAvocadoToast
Zemarkio,wasd
wasd,wasd
Cool-Armadillo-3159,wasd
tuseroni,wasd
FF_BJJ,wasd
Cool-Armadillo-3159,wasd
AutoModerator,ibbuntu
ibbuntu,ibbuntu
Bluusoda,ibbuntu
ibbuntu,ibbuntu
ooo-ooo-ooh,ibbuntu
mad_m4tty,ooo-ooo-ooh
joesploggs,ooo-ooo-ooh
wjo9,ooo-ooo-ooh
RadDudeGuyDude,ibbuntu
Willing_Implement365,ibbuntu
Bluusoda,ibbuntu
ibbuntu,ibbuntu
mad_m4tty,ibbuntu
joesploggs,ibbuntu
wjo9,ibbuntu
AutoModerator,GlanderBW
agonypants,GlanderBW
Langersuk,agonypants
ShittyStockPicker,Langersuk
s33d5,ShittyStockPicker
s33d5,Langersuk
ShittyStockPicker,agonypants
s33d5,ShittyStockPicker
s33d5,agonypants
EsQuiteMexican,GlanderBW
EnsignElessar,EsQuiteMexican
SamJAllen,EnsignElessar
EnsignElessar,SamJAllen
EnsignElessar,EnsignElessar
SamJAllen,EsQuiteMexican
EnsignElessar,SamJAllen
EnsignElessar,EsQuiteMexican
no-name-here,GlanderBW
Langersuk,GlanderBW
ShittyStockPicker,Langersuk
s33d5,ShittyStockPicker
s33d5,Langersuk
EnsignElessar,GlanderBW
SamJAllen,EnsignElessar
EnsignElessar,SamJAllen
EnsignElessar,EnsignElessar
ShittyStockPicker,GlanderBW
s33d5,ShittyStockPicker
SamJAllen,GlanderBW
EnsignElessar,SamJAllen
s33d5,GlanderBW
EnsignElessar,GlanderBW
AutoModerator,uselessadjective
ItsColeOnReddit,uselessadjective
xmagnum69,uselessadjective
AutoModerator,pokeuser61
Lemnisc8__,pokeuser61
pokeuser61,Lemnisc8__
pokeuser61,pokeuser61
AutoModerator,DuperGX
moronic_autist,DuperGX
DuperGX,moronic_autist
gpt_irl,DuperGX
DuperGX,DuperGX
AutoModerator,ironyfeelsjokes
CheeseProtector,ironyfeelsjokes
AutoModerator,Collaterlie_Sisters
ArthurParkerhouse,Collaterlie_Sisters
Collaterlie_Sisters,ArthurParkerhouse
ArthurParkerhouse,Collaterlie_Sisters
Collaterlie_Sisters,ArthurParkerhouse
ArthurParkerhouse,Collaterlie_Sisters
cjwagn1,ArthurParkerhouse
Collaterlie_Sisters,ArthurParkerhouse
cjwagn1,Collaterlie_Sisters
Collaterlie_Sisters,Collaterlie_Sisters
ArthurParkerhouse,ArthurParkerhouse
cjwagn1,ArthurParkerhouse
Collaterlie_Sisters,ArthurParkerhouse
cjwagn1,ArthurParkerhouse
Collaterlie_Sisters,ArthurParkerhouse
ArthurParkerhouse,Collaterlie_Sisters
Collaterlie_Sisters,Collaterlie_Sisters
ArthurParkerhouse,Collaterlie_Sisters
cjwagn1,ArthurParkerhouse
Collaterlie_Sisters,ArthurParkerhouse
cjwagn1,Collaterlie_Sisters
Collaterlie_Sisters,Collaterlie_Sisters
ArthurParkerhouse,Collaterlie_Sisters
cjwagn1,ArthurParkerhouse
Collaterlie_Sisters,ArthurParkerhouse
cjwagn1,Collaterlie_Sisters
Collaterlie_Sisters,Collaterlie_Sisters
ArthurParkerhouse,ArthurParkerhouse
Collaterlie_Sisters,ArthurParkerhouse
ArthurParkerhouse,Collaterlie_Sisters
cjwagn1,ArthurParkerhouse
Collaterlie_Sisters,ArthurParkerhouse
cjwagn1,Collaterlie_Sisters
Collaterlie_Sisters,Collaterlie_Sisters
ArthurParkerhouse,ArthurParkerhouse
cjwagn1,ArthurParkerhouse
Collaterlie_Sisters,ArthurParkerhouse
cjwagn1,ArthurParkerhouse
Collaterlie_Sisters,ArthurParkerhouse
ArthurParkerhouse,ArthurParkerhouse
Collaterlie_Sisters,ArthurParkerhouse
ArthurParkerhouse,Collaterlie_Sisters
cjwagn1,ArthurParkerhouse
Collaterlie_Sisters,ArthurParkerhouse
cjwagn1,Collaterlie_Sisters
Collaterlie_Sisters,Collaterlie_Sisters
ArthurParkerhouse,ArthurParkerhouse
cjwagn1,ArthurParkerhouse
Collaterlie_Sisters,ArthurParkerhouse
cjwagn1,ArthurParkerhouse
Collaterlie_Sisters,ArthurParkerhouse
ItsColeOnReddit,Collaterlie_Sisters
Collaterlie_Sisters,Collaterlie_Sisters
ArthurParkerhouse,Collaterlie_Sisters
Collaterlie_Sisters,ArthurParkerhouse
ArthurParkerhouse,Collaterlie_Sisters
cjwagn1,ArthurParkerhouse
Collaterlie_Sisters,ArthurParkerhouse
cjwagn1,Collaterlie_Sisters
Collaterlie_Sisters,Collaterlie_Sisters
ArthurParkerhouse,ArthurParkerhouse
cjwagn1,ArthurParkerhouse
Collaterlie_Sisters,ArthurParkerhouse
cjwagn1,ArthurParkerhouse
Collaterlie_Sisters,ArthurParkerhouse
ArthurParkerhouse,Collaterlie_Sisters
Collaterlie_Sisters,Collaterlie_Sisters
ArthurParkerhouse,Collaterlie_Sisters
cjwagn1,ArthurParkerhouse
Collaterlie_Sisters,ArthurParkerhouse
cjwagn1,Collaterlie_Sisters
Collaterlie_Sisters,Collaterlie_Sisters
ArthurParkerhouse,Collaterlie_Sisters
cjwagn1,ArthurParkerhouse
Collaterlie_Sisters,ArthurParkerhouse
cjwagn1,Collaterlie_Sisters
Collaterlie_Sisters,Collaterlie_Sisters
ArthurParkerhouse,Collaterlie_Sisters
Collaterlie_Sisters,ArthurParkerhouse
ArthurParkerhouse,Collaterlie_Sisters
cjwagn1,ArthurParkerhouse
Collaterlie_Sisters,ArthurParkerhouse
cjwagn1,Collaterlie_Sisters
Collaterlie_Sisters,Collaterlie_Sisters
ArthurParkerhouse,ArthurParkerhouse
cjwagn1,ArthurParkerhouse
Collaterlie_Sisters,ArthurParkerhouse
cjwagn1,ArthurParkerhouse
Collaterlie_Sisters,ArthurParkerhouse
ArthurParkerhouse,Collaterlie_Sisters
Collaterlie_Sisters,Collaterlie_Sisters
ArthurParkerhouse,Collaterlie_Sisters
cjwagn1,ArthurParkerhouse
Collaterlie_Sisters,ArthurParkerhouse
cjwagn1,Collaterlie_Sisters
Collaterlie_Sisters,Collaterlie_Sisters
ArthurParkerhouse,Collaterlie_Sisters
cjwagn1,ArthurParkerhouse
Collaterlie_Sisters,ArthurParkerhouse
cjwagn1,Collaterlie_Sisters
Collaterlie_Sisters,Collaterlie_Sisters
AutoModerator,Notpeople_brains
Loknar42,Notpeople_brains
AutoModerator,NeinsNgl
ClockworkPurpleAlloy,NeinsNgl
ClockworkPurpleAlloy,NeinsNgl
AutoModerator,EmbarrassedAssist964
DWRGT3,EmbarrassedAssist964
DWRGT3,DWRGT3
DWRGT3,DWRGT3
DWRGT3,DWRGT3
DWRGT3,DWRGT3
DWRGT3,DWRGT3
DWRGT3,DWRGT3
DWRGT3,DWRGT3
ArthurParkerhouse,EmbarrassedAssist964
Obseslescence,EmbarrassedAssist964
IdeaAlly,EmbarrassedAssist964
EliPhotos,IdeaAlly
IdeaAlly,EliPhotos
IdeaAlly,IdeaAlly
DWRGT3,EmbarrassedAssist964
DWRGT3,DWRGT3
DWRGT3,DWRGT3
DWRGT3,DWRGT3
EliPhotos,EmbarrassedAssist964
IdeaAlly,EliPhotos
DWRGT3,EmbarrassedAssist964
DWRGT3,DWRGT3
IdeaAlly,EmbarrassedAssist964
DWRGT3,EmbarrassedAssist964
AutoModerator,swagonflyyyy
FSMFan_2pt0,swagonflyyyy
swagonflyyyy,FSMFan_2pt0
FSMFan_2pt0,swagonflyyyy
swagonflyyyy,FSMFan_2pt0
swagonflyyyy,swagonflyyyy
FSMFan_2pt0,FSMFan_2pt0
swagonflyyyy,FSMFan_2pt0
swagonflyyyy,FSMFan_2pt0
AutoModerator,swagonflyyyy
swagonflyyyy,swagonflyyyy
FSMFan_2pt0,swagonflyyyy
swagonflyyyy,FSMFan_2pt0
swagonflyyyy,swagonflyyyy
FSMFan_2pt0,swagonflyyyy
swagonflyyyy,FSMFan_2pt0
swagonflyyyy,swagonflyyyy
AutoModerator,culturedeasterner
flashgordian,culturedeasterner
Squirrelygirl420,GriefAndRemorse
GriefAndRemorse,Squirrelygirl420
Squirrelygirl420,GriefAndRemorse
GriefAndRemorse,Squirrelygirl420
GriefAndRemorse,GriefAndRemorse
Squirrelygirl420,Squirrelygirl420
GriefAndRemorse,Squirrelygirl420
GriefAndRemorse,Squirrelygirl420
Keish0,GriefAndRemorse
Notpeople_brains,GriefAndRemorse
GriefAndRemorse,Notpeople_brains
leo_likes_lemons,GriefAndRemorse
GriefAndRemorse,leo_likes_lemons
warpaslym,GriefAndRemorse
GriefAndRemorse,GriefAndRemorse
Squirrelygirl420,GriefAndRemorse
GriefAndRemorse,Squirrelygirl420
GriefAndRemorse,GriefAndRemorse
GriefAndRemorse,GriefAndRemorse
GriefAndRemorse,GriefAndRemorse
Squirrelygirl420,GriefAndRemorse
GriefAndRemorse,Squirrelygirl420
GriefAndRemorse,GriefAndRemorse
AutoModerator,ImportantPepper
UnVillageois,ImportantPepper
DoWidzennya,UnVillageois
Jumile,ImportantPepper
Lcstyle,ImportantPepper
Current-Economy1823,ImportantPepper
Chroderos,ImportantPepper
annias,ImportantPepper
CraftyMuthafucka,ImportantPepper
iamatribesman,ImportantPepper
DoWidzennya,ImportantPepper
AutoModerator,SaucyCheddah
AutoModerator,MAXanthemum
kittikitti123,MAXanthemum
AutoModerator,Turing_Trainer
imuramoto,Turing_Trainer
tuseroni,Turing_Trainer
UnVillageois,tuseroni
tuseroni,UnVillageois
tuseroni,tuseroni
SomeRandomGuy2610,Turing_Trainer
DorianLeiman,Turing_Trainer
Alex_Dylexus,Turing_Trainer
northkarelina,Turing_Trainer
milkarcane,Turing_Trainer
UnVillageois,Turing_Trainer
tuseroni,UnVillageois
tuseroni,Turing_Trainer
AutoModerator,ChrisKyle_Jerry
JohnBrownCannabis,ChrisKyle_Jerry
Opposite_Curve_7952,JohnBrownCannabis
Opposite_Curve_7952,ChrisKyle_Jerry
AutoModerator,DvBlackFire
ZookeepergameOk5132,DvBlackFire
justengland,DvBlackFire
SomewhatCritical,justengland
SomewhatCritical,DvBlackFire
AutoModerator,beehive-learning
AutoModerator,FestiveHydra235
AutoModerator,TheRrandomm
FSMFan_2pt0,TheRrandomm
TheWarOnEntropy,TheRrandomm
IdeaAlly,TheRrandomm
AutoModerator,a6nkc7
AutoModerator,red_musketeer
Artic_balls,red_musketeer
ModernT1mes,red_musketeer
red_musketeer,ModernT1mes
ModernT1mes,red_musketeer
ModernT1mes,ModernT1mes
red_musketeer,red_musketeer
ModernT1mes,red_musketeer
ModernT1mes,red_musketeer
AutoModerator,muddybadger
Icyyyyyyyyyyyyyyy,muddybadger
AutoModerator,OAKYeL
prof_shiba,OAKYeL
AutoModerator,zakk103
FSMFan_2pt0,zakk103
zakk103,FSMFan_2pt0
FSMFan_2pt0,zakk103
zakk103,FSMFan_2pt0
FSMFan_2pt0,zakk103
FSMFan_2pt0,FSMFan_2pt0
zakk103,zakk103
FSMFan_2pt0,zakk103
FSMFan_2pt0,zakk103
FSMFan_2pt0,FSMFan_2pt0
zakk103,FSMFan_2pt0
FSMFan_2pt0,zakk103
FSMFan_2pt0,FSMFan_2pt0
zakk103,FSMFan_2pt0
FSMFan_2pt0,zakk103
FSMFan_2pt0,FSMFan_2pt0
NutInBobby,zakk103
zakk103,NutInBobby
zakk103,zakk103
FSMFan_2pt0,zakk103
zakk103,FSMFan_2pt0
FSMFan_2pt0,zakk103
FSMFan_2pt0,FSMFan_2pt0
zakk103,zakk103
FSMFan_2pt0,zakk103
FSMFan_2pt0,zakk103
zakk103,zakk103
FSMFan_2pt0,zakk103
zakk103,FSMFan_2pt0
FSMFan_2pt0,zakk103
FSMFan_2pt0,FSMFan_2pt0
zakk103,zakk103
FSMFan_2pt0,zakk103
FSMFan_2pt0,zakk103
AutoModerator,InfamyStudio
btboss12,InfamyStudio
InfamyStudio,btboss12
thesaga,InfamyStudio
btboss12,InfamyStudio
thesaga,btboss12
btboss12,btboss12
The_Rad1x,InfamyStudio
Riegel_Haribo,InfamyStudio
Flaky-Independent638,InfamyStudio
madmog81,InfamyStudio
is-now-wayne,madmog81
InfamyStudio,InfamyStudio
thesaga,InfamyStudio
btboss12,InfamyStudio
is-now-wayne,InfamyStudio
thesaga,InfamyStudio
btboss12,InfamyStudio
AutoModerator,No-Interest-8902
Obseslescence,No-Interest-8902
No-Interest-8902,No-Interest-8902
guitariscool,No-Interest-8902
PiranhaJAC,No-Interest-8902
AutoModerator,turn2stormcrow
AutoModerator,H8246
Maximum_Anywhere462,H8246
H8246,Maximum_Anywhere462
Maximum_Anywhere462,H8246
Maximum_Anywhere462,Maximum_Anywhere462
LandValueTaxer,H8246
H8246,LandValueTaxer
H8246,H8246
Maximum_Anywhere462,H8246
H8246,H8246
Maximum_Anywhere462,H8246
AutoModerator,mattpUK
IdeasFromAi,mattpUK
Tantie455,mattpUK
Mattyice0228,mattpUK
drhex2c,Mattyice0228
Mattyice0228,drhex2c
TheForgetfulWizard,Mattyice0228
TheForgetfulWizard,drhex2c
Live_Coffee_439,Mattyice0228
HumberdtSquid,Mattyice0228
helloheadspace,Mattyice0228
Mattyice0228,Mattyice0228
TheForgetfulWizard,Mattyice0228
TheForgetfulWizard,Mattyice0228
drhex2c,mattpUK
Mattyice0228,drhex2c
TheForgetfulWizard,Mattyice0228
TheForgetfulWizard,drhex2c
Live_Coffee_439,mattpUK
HumberdtSquid,mattpUK
helloheadspace,mattpUK
Mattyice0228,mattpUK
TheForgetfulWizard,Mattyice0228
TheForgetfulWizard,mattpUK
AutoModerator,42second
nboro94,42second
Crazy_Gamer297,nboro94
FlacoVerde,Crazy_Gamer297
onion_ring12,Crazy_Gamer297
nboro94,Crazy_Gamer297
FlacoVerde,nboro94
onion_ring12,nboro94
nboro94,nboro94
AbleObject13,42second
42second,AbleObject13
mall-e-app,42second
Local-Bandicoot2827,42second
mall-e-app,AbleObject13
Local-Bandicoot2827,AbleObject13
Crazy_Gamer297,42second
FlacoVerde,Crazy_Gamer297
onion_ring12,Crazy_Gamer297
nboro94,Crazy_Gamer297
42second,42second
mall-e-app,42second
Local-Bandicoot2827,42second
FlacoVerde,42second
onion_ring12,42second
nboro94,42second
mall-e-app,42second
Local-Bandicoot2827,42second
AutoModerator,Consistent-Ad-7455
Additional_Zebra_861,Consistent-Ad-7455
Dry_Bag_2485,Consistent-Ad-7455
Consistent-Ad-7455,Dry_Bag_2485
Dry_Bag_2485,Consistent-Ad-7455
-OptimalPrimus-,Consistent-Ad-7455
Dry_Bag_2485,Dry_Bag_2485
-OptimalPrimus-,Dry_Bag_2485
Notpeople_brains,Consistent-Ad-7455
UnVillageois,Consistent-Ad-7455
Consistent-Ad-7455,UnVillageois
Satarash,Consistent-Ad-7455
Consistent-Ad-7455,Consistent-Ad-7455
Dry_Bag_2485,Consistent-Ad-7455
-OptimalPrimus-,Consistent-Ad-7455
Consistent-Ad-7455,Consistent-Ad-7455
Dry_Bag_2485,Consistent-Ad-7455
-OptimalPrimus-,Consistent-Ad-7455
AutoModerator,Alex__007
AutoModerator,Alex__007
Alex__007,Alex__007
Large-Jackfruit6329,Alex__007
Obseslescence,Alex__007
Alex__007,Obseslescence
Alex__007,Alex__007
Obseslescence,Alex__007
Large-Jackfruit6329,Alex__007
Obseslescence,Alex__007
Alex__007,Obseslescence
Alex__007,Alex__007
AutoModerator,hoegaarden81
CapaneusPrime,hoegaarden81
hoegaarden81,CapaneusPrime
hoegaarden81,CapaneusPrime
hoegaarden81,hoegaarden81
hoegaarden81,hoegaarden81
AutoModerator,InquisitiveOne786
AutoModerator,InquisitiveOne786
SilverHeart4053,InquisitiveOne786
AutoModerator,allredidit
AutoModerator,allredidit
Notpeople_brains,allredidit
Quinoablah,Notpeople_brains
DontTrustAnthingISay,Notpeople_brains
Notpeople_brains,DontTrustAnthingISay
Notpeople_brains,Notpeople_brains
dotmit,allredidit
genomerain,allredidit
NutInBobby,allredidit
Quinoablah,allredidit
DontTrustAnthingISay,allredidit
Notpeople_brains,DontTrustAnthingISay
Notpeople_brains,allredidit
AutoModerator,Hot-Zookeepergame-83
Phemto_B,Hot-Zookeepergame-83
Hot-Zookeepergame-83,Phemto_B
Hot-Zookeepergame-83,Hot-Zookeepergame-83
AutoModerator,Exotic_Particular788
MisterTinkles,Exotic_Particular788
AutoModerator,Master1781
YoBluntSoSkimpy,Master1781
SilverHeart4053,YoBluntSoSkimpy
redeliveredguy,SilverHeart4053
SilverHeart4053,redeliveredguy
redeliveredguy,SilverHeart4053
redeliveredguy,redeliveredguy
SilverHeart4053,SilverHeart4053
redeliveredguy,SilverHeart4053
redeliveredguy,SilverHeart4053
redeliveredguy,YoBluntSoSkimpy
SilverHeart4053,redeliveredguy
redeliveredguy,SilverHeart4053
redeliveredguy,redeliveredguy
SilverHeart4053,YoBluntSoSkimpy
redeliveredguy,SilverHeart4053
redeliveredguy,YoBluntSoSkimpy
Rich_Introduction_83,Master1781
Under_Over_Thinker,Master1781
SilverHeart4053,Master1781
redeliveredguy,SilverHeart4053
SilverHeart4053,redeliveredguy
redeliveredguy,SilverHeart4053
redeliveredguy,redeliveredguy
SilverHeart4053,SilverHeart4053
redeliveredguy,SilverHeart4053
redeliveredguy,SilverHeart4053
redeliveredguy,Master1781
SilverHeart4053,redeliveredguy
redeliveredguy,SilverHeart4053
redeliveredguy,redeliveredguy
SilverHeart4053,Master1781
redeliveredguy,SilverHeart4053
redeliveredguy,Master1781
AutoModerator,LessAdvisor5241
id278437,LessAdvisor5241
LessAdvisor5241,id278437
id278437,LessAdvisor5241
DWRGT3,LessAdvisor5241
id278437,id278437
DWRGT3,id278437
NLMichel,LessAdvisor5241
LessAdvisor5241,LessAdvisor5241
id278437,LessAdvisor5241
DWRGT3,LessAdvisor5241
id278437,LessAdvisor5241
DWRGT3,LessAdvisor5241
AutoModerator,SteadmanSlickkk
Galilleon,SteadmanSlickkk
Ridley_Reynolds,Galilleon
tjmora,Galilleon
Johan_Viisas,SteadmanSlickkk
7734128,Johan_Viisas
natveloo,7734128
natveloo,Johan_Viisas
Haruspex21,SteadmanSlickkk
Expensive-Service262,SteadmanSlickkk
milkarcane,SteadmanSlickkk
Ridley_Reynolds,SteadmanSlickkk
tjmora,SteadmanSlickkk
7734128,SteadmanSlickkk
natveloo,7734128
natveloo,SteadmanSlickkk
AutoModerator,Minute_Command_7697
corruptboomerang,Minute_Command_7697
AnthillOmbudsman,corruptboomerang
SilverHeart4053,corruptboomerang
unholy453,Minute_Command_7697
Chmuurkaa_,Minute_Command_7697
StarsEatMyCrown,Minute_Command_7697
Ai-enthusiast4,Minute_Command_7697
AnthillOmbudsman,Minute_Command_7697
SilverHeart4053,Minute_Command_7697
AutoModerator,daveberzack
CartwheelSummoner,daveberzack
daveberzack,CartwheelSummoner
CartwheelSummoner,daveberzack
CartwheelSummoner,CartwheelSummoner
SilverHeart4053,daveberzack
daveberzack,daveberzack
CartwheelSummoner,daveberzack
CartwheelSummoner,daveberzack
AutoModerator,unborntheprinceoflie
AutoModerator,thecahoon
AmnesiacGamer,thecahoon
AutoModerator,Cheesemacher
MrAlbs,Cheesemacher
SilverHeart4053,MrAlbs
Drew707,Cheesemacher
gpt_irl,Cheesemacher
CubaPapa,Cheesemacher
Crazy-Space5384,Cheesemacher
SilverHeart4053,Cheesemacher
AutoModerator,Help_I_Lost_my_face
pantsareoffrightnow,Help_I_Lost_my_face
rambelrouser,pantsareoffrightnow
ternic69,rambelrouser
ternic69,pantsareoffrightnow
Riegel_Haribo,Help_I_Lost_my_face
Help_I_Lost_my_face,Riegel_Haribo
Riegel_Haribo,Help_I_Lost_my_face
Riegel_Haribo,Riegel_Haribo
Critical-Low9453,Help_I_Lost_my_face
Decihax,Help_I_Lost_my_face
Turingading,Help_I_Lost_my_face
rambelrouser,Help_I_Lost_my_face
ternic69,rambelrouser
Help_I_Lost_my_face,Help_I_Lost_my_face
Riegel_Haribo,Help_I_Lost_my_face
ternic69,Help_I_Lost_my_face
Riegel_Haribo,Help_I_Lost_my_face
AutoModerator,maxVII
AutoModerator,idkwhatuwantfromme69
AlanEzZz,idkwhatuwantfromme69
ijpck,idkwhatuwantfromme69
AutoModerator,STARLEAF2017
Punpun204,STARLEAF2017
AutoModerator,barmap
AutoModerator,Rightofmight
AutoModerator,Ninja-Yodeler
AutoModerator,Smoothiefries
Massive_Ad_6493,Smoothiefries
AutoModerator,WholeInternet
cesium-sandwich,WholeInternet
WholeInternet,cesium-sandwich
Lemnisc8__,WholeInternet
WholeInternet,WholeInternet
AutoModerator,TiG-1
AutoModerator,smooshie
Kafke,smooshie
Old-Combination8062,smooshie
AutoModerator,BlakeLeeOfGelderland
AutoModerator,CottMain
UnVillageois,CottMain
AutoModerator,JurassicIsaac
AbleObject13,JurassicIsaac
Soka223,AbleObject13
Affectionate_Can7987,AbleObject13
noxylliero,JurassicIsaac
Soibi0gn,JurassicIsaac
tshungus,JurassicIsaac
ngyuhnang,JurassicIsaac
Kawsmics,JurassicIsaac
AbortionCrow,JurassicIsaac
Soka223,JurassicIsaac
Affectionate_Can7987,JurassicIsaac
AutoModerator,Yellowisthenewpink
Embarrassed-Most53,Yellowisthenewpink
Yellowisthenewpink,Embarrassed-Most53
Embarrassed-Most53,Yellowisthenewpink
Embarrassed-Most53,Embarrassed-Most53
Yellowisthenewpink,Yellowisthenewpink
Embarrassed-Most53,Yellowisthenewpink
Embarrassed-Most53,Yellowisthenewpink
AutoModerator,Pamphleteer-1776
AutoModerator,Pamphleteer-1776
AutoModerator,FrankyBandit
UnVillageois,FrankyBandit
BattleTalesX,FrankyBandit
AutoModerator,Bi_Shakespeare
AutoModerator,Chance_Progress_986
AutoModerator,HowDoYouSpellH
Ashtero,HowDoYouSpellH
AutoModerator,Snoo72073
DWRGT3,Snoo72073
Satarash,Snoo72073
AutoModerator,peterbloomingdale
AutoModerator,LocksmithNo9994
XFaild,LocksmithNo9994
LocksmithNo9994,XFaild
NutInBobby,LocksmithNo9994
rosebudlightsaber,LocksmithNo9994
LocksmithNo9994,rosebudlightsaber
andvstan,LocksmithNo9994
drgreed,LocksmithNo9994
LocksmithNo9994,drgreed
gregthecoolguy,LocksmithNo9994
LocksmithNo9994,LocksmithNo9994
LocksmithNo9994,LocksmithNo9994
LocksmithNo9994,LocksmithNo9994
AutoModerator,Will_125
VeryLongNovelTitle,Will_125
AutoModerator,FlyerFocus
Grandmastersexsay69,FlyerFocus
FlyerFocus,Grandmastersexsay69
Grandmastersexsay69,FlyerFocus
FlyerFocus,Grandmastersexsay69
Grandmastersexsay69,FlyerFocus
UnVillageois,Grandmastersexsay69
UnVillageois,FlyerFocus
Grandmastersexsay69,Grandmastersexsay69
UnVillageois,Grandmastersexsay69
UnVillageois,Grandmastersexsay69
FlyerFocus,FlyerFocus
Grandmastersexsay69,FlyerFocus
UnVillageois,Grandmastersexsay69
UnVillageois,FlyerFocus
Grandmastersexsay69,FlyerFocus
UnVillageois,Grandmastersexsay69
UnVillageois,FlyerFocus
Grandmastersexsay69,Grandmastersexsay69
FlyerFocus,Grandmastersexsay69
Grandmastersexsay69,FlyerFocus
UnVillageois,Grandmastersexsay69
UnVillageois,FlyerFocus
Grandmastersexsay69,Grandmastersexsay69
UnVillageois,Grandmastersexsay69
UnVillageois,Grandmastersexsay69
FlyerFocus,Grandmastersexsay69
Grandmastersexsay69,FlyerFocus
UnVillageois,Grandmastersexsay69
UnVillageois,FlyerFocus
Grandmastersexsay69,Grandmastersexsay69
UnVillageois,Grandmastersexsay69
UnVillageois,Grandmastersexsay69
kittikitti123,FlyerFocus
FlyerFocus,kittikitti123
FlyerFocus,FlyerFocus
Grandmastersexsay69,FlyerFocus
FlyerFocus,Grandmastersexsay69
Grandmastersexsay69,FlyerFocus
UnVillageois,Grandmastersexsay69
UnVillageois,FlyerFocus
Grandmastersexsay69,Grandmastersexsay69
UnVillageois,Grandmastersexsay69
UnVillageois,Grandmastersexsay69
FlyerFocus,FlyerFocus
Grandmastersexsay69,FlyerFocus
UnVillageois,Grandmastersexsay69
UnVillageois,FlyerFocus
Grandmastersexsay69,FlyerFocus
UnVillageois,Grandmastersexsay69
UnVillageois,FlyerFocus
FlyerFocus,FlyerFocus
Grandmastersexsay69,FlyerFocus
FlyerFocus,Grandmastersexsay69
Grandmastersexsay69,FlyerFocus
UnVillageois,Grandmastersexsay69
UnVillageois,FlyerFocus
Grandmastersexsay69,Grandmastersexsay69
UnVillageois,Grandmastersexsay69
UnVillageois,Grandmastersexsay69
FlyerFocus,FlyerFocus
Grandmastersexsay69,FlyerFocus
UnVillageois,Grandmastersexsay69
UnVillageois,FlyerFocus
Grandmastersexsay69,FlyerFocus
UnVillageois,Grandmastersexsay69
UnVillageois,FlyerFocus
AutoModerator,thebobbrom
UnVillageois,thebobbrom
thebobbrom,UnVillageois
UnVillageois,thebobbrom
UnVillageois,UnVillageois
thebobbrom,thebobbrom
UnVillageois,thebobbrom
UnVillageois,thebobbrom
AutoModerator,Training_Age_Reed
AutoModerator,Training_Age_Reed
Training_Age_Reed,AutoModerator
Riegel_Haribo,Training_Age_Reed
Training_Age_Reed,Training_Age_Reed
AutoModerator,tenfef
AutoModerator,redog
redog,redog
AutoModerator,ParanoidAltoid
Woootdafuuu,ParanoidAltoid
Legal-Interaction982,Woootdafuuu
Ai-enthusiast4,ParanoidAltoid
ParanoidAltoid,Ai-enthusiast4
quantXtnaup,ParanoidAltoid
Loknar42,ParanoidAltoid
Legal-Interaction982,ParanoidAltoid
ParanoidAltoid,ParanoidAltoid
AutoModerator,Flench04
phonebatterylevelbot,Flench04
Flench04,phonebatterylevelbot
DontTrustAnthingISay,Flench04
DontTrustAnthingISay,phonebatterylevelbot
Flench04,Flench04
DontTrustAnthingISay,Flench04
DontTrustAnthingISay,Flench04
AutoModerator,sterlingtek
Grandmastersexsay69,sterlingtek
sterlingtek,Grandmastersexsay69
Grandmastersexsay69,sterlingtek
sterlingtek,Grandmastersexsay69
sterlingtek,sterlingtek
Grandmastersexsay69,Grandmastersexsay69
sterlingtek,Grandmastersexsay69
sterlingtek,Grandmastersexsay69
AndrewLA90028,sterlingtek
sterlingtek,AndrewLA90028
Peruvian_Skies,sterlingtek
sterlingtek,Peruvian_Skies
Grandmastersexsay69,Peruvian_Skies
sterlingtek,sterlingtek
Grandmastersexsay69,sterlingtek
sterlingtek,Grandmastersexsay69
sterlingtek,sterlingtek
sterlingtek,sterlingtek
sterlingtek,sterlingtek
Grandmastersexsay69,sterlingtek
Grandmastersexsay69,sterlingtek
sterlingtek,Grandmastersexsay69
sterlingtek,sterlingtek
AutoModerator,Schxdenfreude
AutoModerator,Final_Examination_99
Obseslescence,Final_Examination_99
Final_Examination_99,Obseslescence
MaugasInParis,Obseslescence
Obseslescence,MaugasInParis
Final_Examination_99,Obseslescence
Final_Examination_99,MaugasInParis
Obseslescence,Obseslescence
Final_Examination_99,Obseslescence
Final_Examination_99,Obseslescence
Final_Examination_99,Final_Examination_99
MaugasInParis,Final_Examination_99
Obseslescence,MaugasInParis
Final_Examination_99,Obseslescence
Final_Examination_99,MaugasInParis
Obseslescence,Final_Examination_99
Final_Examination_99,Obseslescence
Final_Examination_99,Final_Examination_99
AutoModerator,Kallbero
Lord-Liberty,Kallbero
vineyardmike,Kallbero
Zech_Judy,vineyardmike
Zech_Judy,Kallbero
AutoModerator,RMCPhoto
andvstan,RMCPhoto
UnVillageois,RMCPhoto
AutoModerator,MindCluster
IdeaAlly,MindCluster
MindCluster,MindCluster
AutoModerator,x52x
Riegel_Haribo,x52x
T3kster,x52x
AbortionCrow,x52x
Karmadilla,x52x
AutoModerator,PsychoHarmny
LumpyLumpen916,PsychoHarmny
AndrewH73333,PsychoHarmny
AutoModerator,Spare_Guesso
AutoModerator,Fearlessmojo
Anonymousnonymously,Fearlessmojo
AutoModerator,MindCluster
AutoModerator,thats_hella_cool
Obseslescence,thats_hella_cool
AutoModerator,jonam_indus
AutoModerator,jonam_indus
Notpeople_brains,jonam_indus
AutoModerator,throwawayacc67849988
AutoModerator,throwawayacc67849988
FuriouslyChonky,throwawayacc67849988
andoy,sed_joose
tryingsohardithurts,sed_joose
LargeBuffalo,sed_joose
-OptimalPrimus-,sed_joose
sed_joose,-OptimalPrimus-
-OptimalPrimus-,sed_joose
sed_joose,-OptimalPrimus-
sed_joose,sed_joose
-OptimalPrimus-,-OptimalPrimus-
sed_joose,-OptimalPrimus-
sed_joose,-OptimalPrimus-
twisted7ogic,sed_joose
sed_joose,sed_joose
-OptimalPrimus-,sed_joose
sed_joose,-OptimalPrimus-
sed_joose,sed_joose
-OptimalPrimus-,sed_joose
sed_joose,-OptimalPrimus-
sed_joose,sed_joose
AutoModerator,WhnOctopiMrgeWithTek
AutoModerator,josicat
rocketbosszach,josicat
josicat,rocketbosszach
rocketbosszach,josicat
rocketbosszach,rocketbosszach
josicat,josicat
rocketbosszach,josicat
rocketbosszach,josicat
totalhack0,SynthNGuitar
SynthNGuitar,totalhack0
totalhack0,SynthNGuitar
totalhack0,totalhack0
IdeaAlly,SynthNGuitar
SynthNGuitar,IdeaAlly
IdeaAlly,SynthNGuitar
SynthNGuitar,IdeaAlly
SynthNGuitar,SynthNGuitar
IdeaAlly,IdeaAlly
SynthNGuitar,IdeaAlly
SynthNGuitar,IdeaAlly
SynthNGuitar,SynthNGuitar
totalhack0,SynthNGuitar
SynthNGuitar,SynthNGuitar
IdeaAlly,SynthNGuitar
SynthNGuitar,IdeaAlly
SynthNGuitar,SynthNGuitar
totalhack0,SynthNGuitar
IdeaAlly,SynthNGuitar
SynthNGuitar,IdeaAlly
SynthNGuitar,SynthNGuitar
AutoModerator,Practical-Stuff-7078
AutoModerator,pawozakwa
TrollBoothBilly,pawozakwa
ItsColeOnReddit,pawozakwa
expectopoosio,pawozakwa
-Random_User-,pawozakwa
-Random_User-,-Random_User-
-Random_User-,pawozakwa
AutoModerator,oliacym
AutoModerator,enigmae
daniloantic99,enigmae
AutoModerator,moassistomorrow
AutoModerator,Appropriate_Eye_6405
AutoModerator,DarthEros
rocketbosszach,DarthEros
kiropolo,DarthEros
AutoModerator,stresseddonuts
AutoModerator,MYMExodus
AutoModerator,SavannaZeigler
Soilgheas,SavannaZeigler
SavannaZeigler,Soilgheas
zhantoo,SavannaZeigler
Grandmastersexsay69,SavannaZeigler
WyldCard4,SavannaZeigler
DownwardSpiral5609,SavannaZeigler
SavannaZeigler,SavannaZeigler
AutoModerator,skepticaleconomist
AutoModerator,CryptoDevWill
John_val,CryptoDevWill
Ryu116,John_val
Ryu116,CryptoDevWill
AutoModerator,eliaslange
Jimmytheknifei,eliaslange
Accurate_Damage_1267,eliaslange
AutoModerator,Rbanh15
AutoModerator,teos61
AutoModerator,tingetici
AutoModerator,tingetici
CheeseProtector,tingetici
AutoModerator,TapiocaTuesday
IdeaAlly,TapiocaTuesday
TapiocaTuesday,IdeaAlly
TapiocaTuesday,TapiocaTuesday
AutoModerator,Sarke1
AutoModerator,Archimediator
Riegel_Haribo,Archimediator
Old-Combination8062,Archimediator
AutoModerator,theastralproject0
AndrewLA90028,theastralproject0
AutoModerator,LawfulnessLow3022
AutoModerator,max_imumocuppancy
SemiVisibleCharity,max_imumocuppancy
humbertcole,SemiVisibleCharity
humbertcole,max_imumocuppancy
AutoModerator,aleph_zeroth_monkey
AutoModerator,GuaranteeEmpty2980
ephraim666,GuaranteeEmpty2980
AutoModerator,steVENOM
AutoModerator,Art-VandelayYXE
PolytoxOver9000,Art-VandelayYXE
Art-VandelayYXE,PolytoxOver9000
Art-VandelayYXE,Art-VandelayYXE
AutoModerator,wild_orca
AutoModerator,wild_orca
Riegel_Haribo,wild_orca
Space_Goblin_Yoda,thisisinsider
AutoModerator,thetntm
Salindurthas,thetntm
AdamCohn,thetntm
Cchowell25,AdamCohn
tobias_mueller,thetntm
KickyMcAssington,tobias_mueller
Gositi,thetntm
AnthillOmbudsman,Gositi
ThisUserIsAFailure,thetntm
DehiXeM,thetntm
Cchowell25,thetntm
KickyMcAssington,thetntm
AnthillOmbudsman,thetntm
AutoModerator,Dingus_Jones
AutoModerator,ryan_lime
AutoModerator,Available_Nose_Dove
AutoModerator,maxfahl
AutoModerator,AIGPTCon
AutoModerator,Pseudobulbary
Riegel_Haribo,Pseudobulbary
FuriouslyChonky,Pseudobulbary
ItsColeOnReddit,Pseudobulbary
IdeaAlly,Pseudobulbary
AutoModerator,VoltaicNickel
binux14,VoltaicNickel
Riegel_Haribo,VoltaicNickel
iobeson,VoltaicNickel
Zoloft_and_the_RRD,iobeson
JasonHughes2000,VoltaicNickel
VoltaicNickel,JasonHughes2000
Timofey_,VoltaicNickel
VoltaicNickel,Timofey_
PretendSleep9419,VoltaicNickel
Zoloft_and_the_RRD,VoltaicNickel
VoltaicNickel,VoltaicNickel
VoltaicNickel,VoltaicNickel
AutoModerator,Murky_Experience_173
AutoModerator,OutlandishnessIll338
moronic_autist,OutlandishnessIll338
OutlandishnessIll338,moronic_autist
moronic_autist,OutlandishnessIll338
The_Lovely_Blue_Faux,OutlandishnessIll338
moronic_autist,moronic_autist
The_Lovely_Blue_Faux,moronic_autist
MindMeldBros,OutlandishnessIll338
OutlandishnessIll338,MindMeldBros
MindMeldBros,OutlandishnessIll338
OutlandishnessIll338,MindMeldBros
OutlandishnessIll338,OutlandishnessIll338
MindMeldBros,MindMeldBros
OutlandishnessIll338,MindMeldBros
OutlandishnessIll338,MindMeldBros
Riegel_Haribo,OutlandishnessIll338
OutlandishnessIll338,OutlandishnessIll338
moronic_autist,OutlandishnessIll338
The_Lovely_Blue_Faux,OutlandishnessIll338
OutlandishnessIll338,OutlandishnessIll338
MindMeldBros,OutlandishnessIll338
OutlandishnessIll338,MindMeldBros
OutlandishnessIll338,OutlandishnessIll338
moronic_autist,OutlandishnessIll338
The_Lovely_Blue_Faux,OutlandishnessIll338
MindMeldBros,OutlandishnessIll338
OutlandishnessIll338,MindMeldBros
OutlandishnessIll338,OutlandishnessIll338
AutoModerator,LexTheGreat25
AutoModerator,LexTheGreat25
AutoModerator,PapaDudu
PapaDudu,PapaDudu
AutoModerator,Accomplished-Try4716
girlglock,Accomplished-Try4716
Bromaker17,Accomplished-Try4716
Additional_Zebra_861,Bromaker17
jag_ett,Accomplished-Try4716
moronic_autist,jag_ett
beezofaneditor,Accomplished-Try4716
Accomplished-Try4716,beezofaneditor
beezofaneditor,Accomplished-Try4716
beezofaneditor,beezofaneditor
AutoModerator,Accomplished-Try4716
Additional_Zebra_861,Accomplished-Try4716
moronic_autist,Accomplished-Try4716
Accomplished-Try4716,Accomplished-Try4716
beezofaneditor,Accomplished-Try4716
beezofaneditor,Accomplished-Try4716
AutoModerator,burner1998--
AutoModerator,Undulance
AutoModerator,robin_madd
Birbyi,robin_madd
robin_madd,Birbyi
Obseslescence,robin_madd
robin_madd,Obseslescence
AutoModerator,robin_madd
OutlandishnessIll338,robin_madd
robin_madd,OutlandishnessIll338
moronic_autist,robin_madd
robin_madd,moronic_autist
robin_madd,robin_madd
robin_madd,robin_madd
robin_madd,robin_madd
robin_madd,robin_madd
AutoModerator,moronic_autist
AutoModerator,4599310887
TheWarOnEntropy,4599310887
4599310887,TheWarOnEntropy
FSMFan_2pt0,4599310887
4599310887,FSMFan_2pt0
4599310887,4599310887
4599310887,4599310887
AutoModerator,redbullkongen
So6oring,redbullkongen
zooterlooter,redbullkongen
Shanibestwaifu,redbullkongen
GigaCores,redbullkongen
kinesin1,redbullkongen
SooooooMeta,redbullkongen
dfjdkdofkfkfkfk,redbullkongen
Talic,redbullkongen
StxrMania,redbullkongen
AutoModerator,toastyboots
AutoModerator,Krchauhan12
AutoModerator,Krchauhan12
Icyyyyyyyyyyyyyyy,Krchauhan12
AutoModerator,DynaBeast
AutoModerator,KangerooDance
AtomicHyperion,KangerooDance
HurryTimely7009,AtomicHyperion
AtomicHyperion,HurryTimely7009
KangerooDance,AtomicHyperion
AtomicHyperion,KangerooDance
KangerooDance,AtomicHyperion
KangerooDance,KangerooDance
AtomicHyperion,AtomicHyperion
AtomicHyperion,AtomicHyperion
KangerooDance,AtomicHyperion
KangerooDance,AtomicHyperion
InjuredPride,KangerooDance
KangerooDance,InjuredPride
HurryTimely7009,KangerooDance
AtomicHyperion,HurryTimely7009
KangerooDance,KangerooDance
AtomicHyperion,KangerooDance
KangerooDance,AtomicHyperion
KangerooDance,KangerooDance
KangerooDance,KangerooDance
AtomicHyperion,KangerooDance
AtomicHyperion,KangerooDance
KangerooDance,AtomicHyperion
KangerooDance,KangerooDance
AutoModerator,WOT247
AutoModerator,VerdigrisLich
FuriouslyChonky,VerdigrisLich
FuriouslyChonky,VerdigrisLich
AutoModerator,sniperxp21
babbagoo,sniperxp21
RookieMistake2448,babbagoo
IdeaAlly,sniperxp21
MrHoliday1031,IdeaAlly
Markentus32,sniperxp21
ScrambledNoggin,Markentus32
Polyamorousgunnut,sniperxp21
stossyyy,Polyamorousgunnut
imariaprime,sniperxp21
RookieMistake2448,sniperxp21
MrHoliday1031,sniperxp21
ScrambledNoggin,sniperxp21
stossyyy,sniperxp21
AutoModerator,Special_Perspective9
AutoModerator,Special_Perspective9
PolytoxOver9000,Special_Perspective9
UltimateWager,Special_Perspective9
AutoModerator,Tantie455
AutoModerator,AIed_Your_Food
AutoModerator,Bobbis32
AutoModerator,MonkeyMonet
AutoModerator,CrazyAGAIN
IdeaAlly,CrazyAGAIN
AutoModerator,Confused_Llama_
AtomicHyperion,Confused_Llama_
Constant-Storm5195,Confused_Llama_
AutoModerator,Smerks101
LibertyMike,Smerks101
Smerks101,Smerks101
ImportantContext,Smerks101
DWRGT3,Smerks101
alexalmighty100,Smerks101
Smerks101,alexalmighty100
DontTrustAnthingISay,Smerks101
Smerks101,DontTrustAnthingISay
En-tro-py,Smerks101
ImportantContext,Smerks101
Smerks101,Smerks101
Smerks101,Smerks101
AutoModerator,ghostofthecomputer
oceanicArboretum,ghostofthecomputer
rat9787,oceanicArboretum
oceanicArboretum,rat9787
rat9787,oceanicArboretum
rat9787,rat9787
oceanicArboretum,oceanicArboretum
rat9787,oceanicArboretum
rat9787,oceanicArboretum
flixzit,ghostofthecomputer
MoaiPenis,flixzit
tqqtqtqtqqtttq,MoaiPenis
MoaiPenis,tqqtqtqtqqtttq
MoaiPenis,MoaiPenis
tqqtqtqtqqtttq,flixzit
MoaiPenis,tqqtqtqtqqtttq
MoaiPenis,flixzit
rat9787,ghostofthecomputer
oceanicArboretum,rat9787
rat9787,oceanicArboretum
rat9787,rat9787
MoaiPenis,ghostofthecomputer
tqqtqtqtqqtttq,MoaiPenis
MoaiPenis,tqqtqtqtqqtttq
MoaiPenis,MoaiPenis
oceanicArboretum,ghostofthecomputer
rat9787,oceanicArboretum
tqqtqtqtqqtttq,ghostofthecomputer
MoaiPenis,tqqtqtqtqqtttq
rat9787,ghostofthecomputer
MoaiPenis,ghostofthecomputer
AutoModerator,daveberzack
En-tro-py,daveberzack
daveberzack,En-tro-py
daveberzack,daveberzack
AutoModerator,Emperor-of-God
AutoModerator,musclebobble
AutoModerator,Night-Monkey15
AutoModerator,ultimateunbannable
sopa-liquida,ultimateunbannable
cookie_doough,sopa-liquida
Zombiespire,ultimateunbannable
Worth_Cheesecake_861,Zombiespire
Elegant-Variety-7482,Worth_Cheesecake_861
Elegant-Variety-7482,Zombiespire
Justice4theWeak,ultimateunbannable
Odd-Classic7310,Justice4theWeak
Elegant-Variety-7482,ultimateunbannable
RhombusTixks,ultimateunbannable
cookie_doough,ultimateunbannable
Worth_Cheesecake_861,ultimateunbannable
Elegant-Variety-7482,Worth_Cheesecake_861
Odd-Classic7310,ultimateunbannable
Elegant-Variety-7482,ultimateunbannable
AutoModerator,landops
AutoModerator,Mcvero
Riegel_Haribo,Mcvero
griff_the_unholy,Mcvero
Obseslescence,griff_the_unholy
secguy_can,Mcvero
hemothep,Mcvero
r3b3l-tech,hemothep
ExoticCardiologist46,r3b3l-tech
ExoticCardiologist46,hemothep
Mcvero,Mcvero
supreme_harmony,Mcvero
Obseslescence,Mcvero
r3b3l-tech,Mcvero
ExoticCardiologist46,r3b3l-tech
supreme_harmony,Mcvero
ExoticCardiologist46,Mcvero
AutoModerator,ghost0x7
Yargon_Kerman,ghost0x7
Woootdafuuu,ghost0x7
RemarkableGuidance44,Woootdafuuu
Woootdafuuu,RemarkableGuidance44
CaterpillarKitchen67,Woootdafuuu
Woootdafuuu,CaterpillarKitchen67
Woootdafuuu,Woootdafuuu
Woootdafuuu,Woootdafuuu
Woootdafuuu,ghost0x7
CaterpillarKitchen67,Woootdafuuu
Woootdafuuu,CaterpillarKitchen67
Woootdafuuu,Woootdafuuu
RemarkableGuidance44,ghost0x7
Woootdafuuu,RemarkableGuidance44
CaterpillarKitchen67,ghost0x7
Woootdafuuu,CaterpillarKitchen67
CaterpillarKitchen67,ghost0x7
Woootdafuuu,CaterpillarKitchen67
Woootdafuuu,ghost0x7
Woootdafuuu,ghost0x7
Woootdafuuu,ghost0x7
AutoModerator,PlanitL
Live_Coffee_439,PlanitL
throwaweyheyheyhey,Live_Coffee_439
DerSpini,PlanitL
Royal-Procedure6491,PlanitL
gatorsya,PlanitL
DontStopAI_dot_com,PlanitL
GeekCo3D-official-,PlanitL
PlanitL,GeekCo3D-official-
JohnathanFather,PlanitL
throwaweyheyheyhey,PlanitL
PlanitL,PlanitL
AutoModerator,metalvendetta
AutoModerator,metalvendetta
AutoModerator,Alternative_Ad_9702
AutoModerator,Alternative_Ad_9702
ShaneKingUSA,Alternative_Ad_9702
Timofey_,ShaneKingUSA
Lanky_Information825,Alternative_Ad_9702
Alternative_Ad_9702,Lanky_Information825
xebeka6808,Alternative_Ad_9702
xebeka6808,Lanky_Information825
HumanJenoM,Alternative_Ad_9702
mvandemar,Alternative_Ad_9702
flossraptor,Alternative_Ad_9702
Timofey_,Alternative_Ad_9702
Alternative_Ad_9702,Alternative_Ad_9702
xebeka6808,Alternative_Ad_9702
xebeka6808,Alternative_Ad_9702
