userid,username
0,that_90s_guy
1,AutoModerator
2,scumbagdetector15
3,csch2
4,PlayerofVideoGames
5,id278437
6,OracleGreyBeard
7,MeetEuphoric3944
8,RiotNrrd2001
9,qwertyflagstop
10,catdancer23
11,fishab
12,incabrain
13,dude1995aa
14,abe17124
15,madkimchi
16,PotatoWriter
17,InsaneDiffusion
18,VICODE78
19,StableModelV
20,Specific_Cricket9579
21,VTOolie
22,tedd321
23,seniorfrito
24,jamburny
25,we_will_prosper
26,fastinguy11
27,InvictusNFT
28,GoldenRedditUser
29,mossgathering
30,supapoopascoopa
31,ShotgunProxy
32,eeget9Eo
33,perplex1
34,Logical_Buyer9310
35,Art_from_the_Machine
36,jimmcq
37,DisasterAwareness
38,Terese08150815
39,darthdiablo
40,RoriksteadResident
41,Viendictive
42,NoBeing7833
43,Lord-Vivec
44,LocksmithNo9994
45,07mk
46,OnemcchrisQuestion
47,AvgAIbot
48,free_from_machines
49,kolob_hier
50,dfreinc
51,Tas667
52,SkuffetSkuffe
53,MZuc
54,Complex-Reserve-699
55,resonantedomain
56,Ok-Judgment-1181
57,ShowerGrapes
58,pancake_noodle
59,UltimateWager
60,Matt5327
61,slackmaster2k
62,tuseroni
63,exion_zero
64,AquaRegia
65,DeleteMetaInf
66,AtomicHyperion
67,TommyVe
68,andyfoster11
69,nekmint
70,SitronZ
71,Yuli-Ban
72,Netsuko
73,btc_clueless
74,Riegel_Haribo
75,myguygetshigh
76,twbluenaxela
77,Miserable-Good4438
78,ComputerArtClub
79,IdentityOperator
80,Eye-Noah-Nothing
81,trimorphic
82,FrogFister
83,artix111
84,IdeasFromAi
85,RelentlessIVS
86,GoodTycoon
87,gamergabzilla
88,Dominicanchulo75
89,temisola1
90,One_Finish7966
91,UnVillageois
92,teos61
93,AbleObject13
94,Practical-Stuff-7078
95,petripeeduhpedro
96,JonPartleeSayne
97,wibbly-water
98,Tomatori
99,zooterlooter
100,Jolly_Award_2113
101,Paradox_Dolphin
102,CerealAhoy
103,severedbrain
104,HypocritesA
105,ioa94
106,EternalNY1
107,Alternative-Key-5647
108,funkwumasta
109,RodriguezFaszanatas
110,_parfait
111,questionEv3rything
112,42second
113,Damn_DirtyApe
114,jlenney1
115,jacksodus
116,mechanical-seal
117,Famous_Pitch_1848
118,littleviking001
119,Potential_Ebb9325
120,420LongDong69
121,thatswhatdeezsaid
122,_So_Damn_Ugly
123,mottyay
124,-Random_User-
125,almondolphin
126,Le-Vagabond27
127,arnemcnuggets
128,n3mb3red
129,redog
130,rustkat
131,isthiswhereiputmy
132,DanielsNegreau
133,Careless_Leek_5803
134,ag2998
135,Playful-Opportunity5
136,urpoviswrong
137,InstructionDue758
138,kinderhooksurprise
139,AZTeck_AKiRA
140,Neither_Tomorrow_238
141,So6oring
142,lesheeper
143,microsoftfool
144,TitleToAI
145,Dycoth
146,nuck_futs
147,fettuccinaa
148,jamiethecoles
149,ChrissiMinxx
150,sprfrkr
151,Former_Solution_759
152,Flopper_Doppler
153,FSMFan_2pt0
154,thedatagolem
155,red-et
156,JohanB3
157,wurstgigant
158,redditor1965
159,PietOnTheRoad
160,PolytoxOver9000
161,Matadin75
162,r3b3l-tech
163,Gubru
164,Parking-Site-1222
165,Incert_Coin_50
166,Lemnisc8__
167,president_josh
168,Administrative_Bed79
169,Grandmastersexsay69
170,squeevey
171,Old_Release_6311
172,kyleireddit
173,commandermd
174,expectopoosio
175,SomeKindOfSorbet
176,DvBlackFire
177,Live_Coffee_439
178,nature__lover1
179,Dauvis
180,Loknar42
181,wasd
182,Yelo_Galaxy
183,Cool-Armadillo-3159
184,GPTMentor
185,handsome_uruk
186,ExpiredAvocadoToast
187,FF_BJJ
188,Zemarkio
189,ibbuntu
190,Bluusoda
191,ooo-ooo-ooh
192,mad_m4tty
193,joesploggs
194,wjo9
195,RadDudeGuyDude
196,Willing_Implement365
197,GlanderBW
198,agonypants
199,Langersuk
200,ShittyStockPicker
201,s33d5
202,EsQuiteMexican
203,EnsignElessar
204,SamJAllen
205,no-name-here
206,uselessadjective
207,ItsColeOnReddit
208,xmagnum69
209,pokeuser61
210,DuperGX
211,moronic_autist
212,gpt_irl
213,ironyfeelsjokes
214,CheeseProtector
215,Collaterlie_Sisters
216,ArthurParkerhouse
217,cjwagn1
218,Notpeople_brains
219,NeinsNgl
220,ClockworkPurpleAlloy
221,EmbarrassedAssist964
222,DWRGT3
223,Obseslescence
224,IdeaAlly
225,EliPhotos
226,swagonflyyyy
227,culturedeasterner
228,flashgordian
229,GriefAndRemorse
230,Squirrelygirl420
231,Keish0
232,leo_likes_lemons
233,warpaslym
234,ImportantPepper
235,DoWidzennya
236,Jumile
237,Lcstyle
238,Current-Economy1823
239,Chroderos
240,annias
241,CraftyMuthafucka
242,iamatribesman
243,SaucyCheddah
244,MAXanthemum
245,kittikitti123
246,Turing_Trainer
247,imuramoto
248,SomeRandomGuy2610
249,DorianLeiman
250,Alex_Dylexus
251,northkarelina
252,milkarcane
253,ChrisKyle_Jerry
254,JohnBrownCannabis
255,Opposite_Curve_7952
256,ZookeepergameOk5132
257,justengland
258,SomewhatCritical
259,beehive-learning
260,FestiveHydra235
261,TheRrandomm
262,TheWarOnEntropy
263,a6nkc7
264,red_musketeer
265,Artic_balls
266,ModernT1mes
267,muddybadger
268,Icyyyyyyyyyyyyyyy
269,OAKYeL
270,prof_shiba
271,zakk103
272,NutInBobby
273,InfamyStudio
274,btboss12
275,thesaga
276,The_Rad1x
277,Flaky-Independent638
278,madmog81
279,is-now-wayne
280,No-Interest-8902
281,guitariscool
282,PiranhaJAC
283,turn2stormcrow
284,H8246
285,Maximum_Anywhere462
286,LandValueTaxer
287,mattpUK
288,Tantie455
289,Mattyice0228
290,drhex2c
291,TheForgetfulWizard
292,HumberdtSquid
293,helloheadspace
294,nboro94
295,Crazy_Gamer297
296,FlacoVerde
297,onion_ring12
298,mall-e-app
299,Local-Bandicoot2827
300,Consistent-Ad-7455
301,Additional_Zebra_861
302,Dry_Bag_2485
303,-OptimalPrimus-
304,Satarash
305,Alex__007
306,Large-Jackfruit6329
307,hoegaarden81
308,CapaneusPrime
309,InquisitiveOne786
310,SilverHeart4053
311,allredidit
312,Quinoablah
313,DontTrustAnthingISay
314,dotmit
315,genomerain
316,Hot-Zookeepergame-83
317,Phemto_B
318,Exotic_Particular788
319,MisterTinkles
320,Master1781
321,YoBluntSoSkimpy
322,redeliveredguy
323,Rich_Introduction_83
324,Under_Over_Thinker
325,LessAdvisor5241
326,NLMichel
327,SteadmanSlickkk
328,Galilleon
329,Ridley_Reynolds
330,tjmora
331,Johan_Viisas
332,7734128
333,natveloo
334,Haruspex21
335,Expensive-Service262
336,Minute_Command_7697
337,corruptboomerang
338,AnthillOmbudsman
339,unholy453
340,Chmuurkaa_
341,StarsEatMyCrown
342,Ai-enthusiast4
343,daveberzack
344,CartwheelSummoner
345,unborntheprinceoflie
346,thecahoon
347,AmnesiacGamer
348,Cheesemacher
349,MrAlbs
350,Drew707
351,CubaPapa
352,Crazy-Space5384
353,Help_I_Lost_my_face
354,pantsareoffrightnow
355,rambelrouser
356,ternic69
357,Critical-Low9453
358,Decihax
359,Turingading
360,AaqibFarooq1
361,maxVII
362,idkwhatuwantfromme69
363,AlanEzZz
364,ijpck
365,STARLEAF2017
366,Punpun204
367,barmap
368,Rightofmight
369,Ninja-Yodeler
370,Smoothiefries
371,Massive_Ad_6493
372,WholeInternet
373,cesium-sandwich
374,TiG-1
375,smooshie
376,Kafke
377,Old-Combination8062
378,BlakeLeeOfGelderland
379,CottMain
380,JurassicIsaac
381,Soka223
382,Affectionate_Can7987
383,noxylliero
384,Soibi0gn
385,tshungus
386,ngyuhnang
387,Kawsmics
388,AbortionCrow
389,Yellowisthenewpink
390,Embarrassed-Most53
391,Pamphleteer-1776
392,FrankyBandit
393,BattleTalesX
394,Bi_Shakespeare
395,Chance_Progress_986
396,HowDoYouSpellH
397,Ashtero
398,Snoo72073
399,peterbloomingdale
400,XFaild
401,rosebudlightsaber
402,andvstan
403,drgreed
404,gregthecoolguy
405,Will_125
406,VeryLongNovelTitle
407,FlyerFocus
408,thebobbrom
409,Training_Age_Reed
410,tenfef
411,ParanoidAltoid
412,Woootdafuuu
413,Legal-Interaction982
414,quantXtnaup
415,Flench04
416,phonebatterylevelbot
417,sterlingtek
418,AndrewLA90028
419,Peruvian_Skies
420,Schxdenfreude
421,Final_Examination_99
422,MaugasInParis
423,Kallbero
424,Lord-Liberty
425,vineyardmike
426,Zech_Judy
427,RMCPhoto
428,MindCluster
429,x52x
430,T3kster
431,Karmadilla
432,PsychoHarmny
433,LumpyLumpen916
434,AndrewH73333
435,Spare_Guesso
436,Fearlessmojo
437,Anonymousnonymously
438,thats_hella_cool
439,jonam_indus
440,throwawayacc67849988
441,FuriouslyChonky
442,sed_joose
443,andoy
444,tryingsohardithurts
445,LargeBuffalo
446,twisted7ogic
447,WhnOctopiMrgeWithTek
448,josicat
449,rocketbosszach
450,SynthNGuitar
451,totalhack0
452,pawozakwa
453,TrollBoothBilly
454,oliacym
455,enigmae
456,daniloantic99
457,moassistomorrow
458,Appropriate_Eye_6405
459,DarthEros
460,kiropolo
461,stresseddonuts
462,MYMExodus
463,SavannaZeigler
464,Soilgheas
465,zhantoo
466,WyldCard4
467,DownwardSpiral5609
468,skepticaleconomist
469,CryptoDevWill
470,John_val
471,Ryu116
472,eliaslange
473,Jimmytheknifei
474,Accurate_Damage_1267
475,Rbanh15
476,tingetici
477,TapiocaTuesday
478,Sarke1
479,Archimediator
480,theastralproject0
481,LawfulnessLow3022
482,max_imumocuppancy
483,SemiVisibleCharity
484,humbertcole
485,aleph_zeroth_monkey
486,GuaranteeEmpty2980
487,ephraim666
488,steVENOM
489,Art-VandelayYXE
490,wild_orca
491,thisisinsider
492,Space_Goblin_Yoda
493,thetntm
494,Salindurthas
495,AdamCohn
496,Cchowell25
497,tobias_mueller
498,KickyMcAssington
499,Gositi
500,ThisUserIsAFailure
501,DehiXeM
502,Dingus_Jones
503,ryan_lime
504,Available_Nose_Dove
505,maxfahl
506,AIGPTCon
507,Pseudobulbary
508,VoltaicNickel
509,binux14
510,iobeson
511,Zoloft_and_the_RRD
512,JasonHughes2000
513,Timofey_
514,PretendSleep9419
515,Murky_Experience_173
516,OutlandishnessIll338
517,The_Lovely_Blue_Faux
518,MindMeldBros
519,LexTheGreat25
520,PapaDudu
521,Accomplished-Try4716
522,girlglock
523,Bromaker17
524,jag_ett
525,beezofaneditor
526,burner1998--
527,Undulance
528,robin_madd
529,Birbyi
530,4599310887
531,redbullkongen
532,Shanibestwaifu
533,GigaCores
534,kinesin1
535,SooooooMeta
536,dfjdkdofkfkfkfk
537,Talic
538,StxrMania
539,toastyboots
540,Krchauhan12
541,DynaBeast
542,KangerooDance
543,HurryTimely7009
544,InjuredPride
545,WOT247
546,VerdigrisLich
547,sniperxp21
548,babbagoo
549,RookieMistake2448
550,MrHoliday1031
551,Markentus32
552,ScrambledNoggin
553,Polyamorousgunnut
554,stossyyy
555,imariaprime
556,Special_Perspective9
557,AIed_Your_Food
558,Bobbis32
559,MonkeyMonet
560,CrazyAGAIN
561,Confused_Llama_
562,Constant-Storm5195
563,Smerks101
564,LibertyMike
565,ImportantContext
566,alexalmighty100
567,En-tro-py
568,ghostofthecomputer
569,oceanicArboretum
570,rat9787
571,flixzit
572,MoaiPenis
573,tqqtqtqtqqtttq
574,Emperor-of-God
575,musclebobble
576,Night-Monkey15
577,ultimateunbannable
578,sopa-liquida
579,cookie_doough
580,Zombiespire
581,Worth_Cheesecake_861
582,Elegant-Variety-7482
583,Justice4theWeak
584,Odd-Classic7310
585,RhombusTixks
586,landops
587,Mcvero
588,griff_the_unholy
589,secguy_can
590,hemothep
591,ExoticCardiologist46
592,supreme_harmony
593,ghost0x7
594,Yargon_Kerman
595,RemarkableGuidance44
596,CaterpillarKitchen67
597,PlanitL
598,throwaweyheyheyhey
599,DerSpini
600,Royal-Procedure6491
601,gatorsya
602,DontStopAI_dot_com
603,GeekCo3D-official-
604,JohnathanFather
605,metalvendetta
606,Alternative_Ad_9702
607,ShaneKingUSA
608,Lanky_Information825
609,xebeka6808
610,HumanJenoM
611,mvandemar
612,flossraptor
